{"cameraMode":{"drawMode":0,"name":"Shaded","section":"Shading Mode"},"sceneLighting":true,"audioPlay":false,"sceneViewState":{"showFog":true,"showMaterialUpdate":false,"showSkybox":true,"showFlares":true,"showImageEffects":true,"showParticleSystems":true},"in2DMode":false,"pivot":{"x":-15.027355194091797,"y":24.599811553955079,"z":12.284669876098633},"rotation":{"x":-0.00910266675055027,"y":0.9460541009902954,"z":-0.32278940081596377,"w":-0.026685912162065507},"size":24.788333892822267,"orthographic":false}